<?xml version="1.0" encoding="UTF-8"?>
<project-private xmlns="http://www.netbeans.org/ns/project-private/1">
    <editor-bookmarks xmlns="http://www.netbeans.org/ns/editor-bookmarks/2" lastBookmarkId="0"/>
    <open-files xmlns="http://www.netbeans.org/ns/projectui-open-files/2">
        <group>
            <file>file:/C:/xampp/htdocs/SkolyProjekt/application/config/config.php</file>
            <file>file:/C:/xampp/htdocs/SkolyProjekt/application/config/database.php</file>
            <file>file:/C:/xampp/htdocs/SkolyProjekt/application/libraries/Jsmin.php</file>
            <file>file:/C:/xampp/htdocs/SkolyProjekt/application/config/routes.php</file>
            <file>file:/C:/xampp/htdocs/SkolyProjekt/application/views/obor.php</file>
            <file>file:/C:/xampp/htdocs/SkolyProjekt/application/libraries/Googlemaps.php</file>
            <file>file:/C:/xampp/htdocs/SkolyProjekt/application/controllers/ProjektCo.php</file>
            <file>file:/C:/xampp/htdocs/SkolyProjekt/application/models/index.html</file>
            <file>file:/C:/xampp/htdocs/SkolyProjekt/application/views/pocet.php</file>
            <file>file:/C:/xampp/htdocs/SkolyProjekt/application/views/hlavni.php</file>
            <file>file:/C:/xampp/htdocs/SkolyProjekt/application/models/ModelCo.php</file>
            <file>file:/C:/xampp/htdocs/SkolyProjekt/application/controllers/index.html</file>
            <file>file:/C:/xampp/htdocs/SkolyProjekt/application/views/index.html</file>
            <file>file:/C:/xampp/htdocs/SkolyProjekt/application/views/mesta.php</file>
        </group>
    </open-files>
</project-private>
